-- phpMyAdmin SQL Dump
-- version 4.9.7
-- https://www.phpmyadmin.net/
--
-- Host: localhost:3306
-- Tempo de geração: 22/03/2023 às 11:53
-- Versão do servidor: 5.7.23-23
-- Versão do PHP: 7.4.30

SET SQL_MODE = "NO_AUTO_VALUE_ON_ZERO";
SET AUTOCOMMIT = 0;
START TRANSACTION;
SET time_zone = "+00:00";


/*!40101 SET @OLD_CHARACTER_SET_CLIENT=@@CHARACTER_SET_CLIENT */;
/*!40101 SET @OLD_CHARACTER_SET_RESULTS=@@CHARACTER_SET_RESULTS */;
/*!40101 SET @OLD_COLLATION_CONNECTION=@@COLLATION_CONNECTION */;
/*!40101 SET NAMES utf8mb4 */;

--
-- Banco de dados: `roledo12_loja`
--

-- --------------------------------------------------------

--
-- Estrutura para tabela `categorias`
--

CREATE TABLE `categorias` (
  `categoria_id` int(11) NOT NULL,
  `categoria_pai_id` int(11) DEFAULT NULL,
  `categoria_nome` varchar(45) NOT NULL,
  `categoria_ativa` tinyint(1) DEFAULT NULL,
  `categoria_meta_link` varchar(100) DEFAULT NULL,
  `categoria_data_criacao` timestamp NOT NULL DEFAULT CURRENT_TIMESTAMP,
  `categoria_data_alteracao` timestamp NULL DEFAULT CURRENT_TIMESTAMP ON UPDATE CURRENT_TIMESTAMP
) ENGINE=InnoDB DEFAULT CHARSET=latin1;

--
-- Despejando dados para a tabela `categorias`
--

INSERT INTO `categorias` (`categoria_id`, `categoria_pai_id`, `categoria_nome`, `categoria_ativa`, `categoria_meta_link`, `categoria_data_criacao`, `categoria_data_alteracao`) VALUES
(3, 4, 'Canecas', 1, 'canecas', '2023-03-20 01:28:29', '2023-03-20 01:28:29'),
(4, 4, 'Chaveiros', 1, 'chaveiros', '2023-03-20 01:28:50', '2023-03-20 01:28:50'),
(5, 4, 'Camisetas', 1, 'camisetas', '2023-03-20 01:42:52', '2023-03-20 01:42:52'),
(6, 5, 'Ingressos', 1, 'ingressos', '2023-03-20 01:44:58', '2023-03-20 01:44:58');

-- --------------------------------------------------------

--
-- Estrutura para tabela `categorias_pai`
--

CREATE TABLE `categorias_pai` (
  `categoria_pai_id` int(11) NOT NULL,
  `categoria_pai_nome` varchar(45) NOT NULL,
  `categoria_pai_ativa` tinyint(1) DEFAULT NULL,
  `categoria_pai_meta_link` varchar(100) DEFAULT NULL,
  `categoria_pai_data_criacao` timestamp NOT NULL DEFAULT CURRENT_TIMESTAMP,
  `categoria_pai_data_alteracao` timestamp NULL DEFAULT CURRENT_TIMESTAMP
) ENGINE=InnoDB DEFAULT CHARSET=latin1;

--
-- Despejando dados para a tabela `categorias_pai`
--

INSERT INTO `categorias_pai` (`categoria_pai_id`, `categoria_pai_nome`, `categoria_pai_ativa`, `categoria_pai_meta_link`, `categoria_pai_data_criacao`, `categoria_pai_data_alteracao`) VALUES
(4, 'Lembranças', 1, 'lembrancas', '2023-03-20 01:27:27', '2023-03-20 01:27:27'),
(5, 'Ingressos', 1, 'ingressos', '2023-03-20 01:44:17', '2023-03-20 01:44:17');

-- --------------------------------------------------------

--
-- Estrutura para tabela `config_correios`
--

CREATE TABLE `config_correios` (
  `config_id` int(11) NOT NULL,
  `config_cep_origem` varchar(20) NOT NULL,
  `config_codigo_pac` varchar(10) NOT NULL,
  `config_codigo_sedex` varchar(10) NOT NULL,
  `config_somar_frete` decimal(10,2) NOT NULL,
  `config_valor_declarado` decimal(5,2) NOT NULL,
  `config_data_alteracao` timestamp NULL DEFAULT NULL ON UPDATE CURRENT_TIMESTAMP
) ENGINE=InnoDB DEFAULT CHARSET=utf8mb4;

--
-- Despejando dados para a tabela `config_correios`
--

INSERT INTO `config_correios` (`config_id`, `config_cep_origem`, `config_codigo_pac`, `config_codigo_sedex`, `config_somar_frete`, `config_valor_declarado`, `config_data_alteracao`) VALUES
(1, '80530-000', '04510', '04014', '3.20', '23.50', '2023-03-21 08:32:50');

-- --------------------------------------------------------

--
-- Estrutura para tabela `config_pagseguro`
--

CREATE TABLE `config_pagseguro` (
  `config_id` int(11) NOT NULL,
  `config_email` varchar(255) NOT NULL,
  `config_token` varchar(100) NOT NULL,
  `config_ambiente` tinyint(1) NOT NULL COMMENT '0 -> Ambiente real / 1 -> Ambiente sandbox',
  `config_data_alteracao` timestamp NULL DEFAULT NULL ON UPDATE CURRENT_TIMESTAMP
) ENGINE=InnoDB DEFAULT CHARSET=utf8mb4;

--
-- Despejando dados para a tabela `config_pagseguro`
--

INSERT INTO `config_pagseguro` (`config_id`, `config_email`, `config_token`, `config_ambiente`, `config_data_alteracao`) VALUES
(1, 'fanarcizonet@gmail.com', 'F27E87D80E4C47E2B3CFEA7DF83B18C0', 1, '2023-03-22 01:22:51');

-- --------------------------------------------------------

--
-- Estrutura para tabela `groups`
--

CREATE TABLE `groups` (
  `id` mediumint(8) UNSIGNED NOT NULL,
  `name` varchar(20) NOT NULL,
  `description` varchar(100) NOT NULL
) ENGINE=InnoDB DEFAULT CHARSET=utf8;

--
-- Despejando dados para a tabela `groups`
--

INSERT INTO `groups` (`id`, `name`, `description`) VALUES
(1, 'admin', 'Administrator'),
(2, 'cientes', 'General User');

-- --------------------------------------------------------

--
-- Estrutura para tabela `login_attempts`
--

CREATE TABLE `login_attempts` (
  `id` int(11) UNSIGNED NOT NULL,
  `ip_address` varchar(45) NOT NULL,
  `login` varchar(100) NOT NULL,
  `time` int(11) UNSIGNED DEFAULT NULL
) ENGINE=InnoDB DEFAULT CHARSET=utf8;

-- --------------------------------------------------------

--
-- Estrutura para tabela `marcas`
--

CREATE TABLE `marcas` (
  `marca_id` int(11) NOT NULL,
  `marca_nome` varchar(45) NOT NULL,
  `marca_meta_link` varchar(255) NOT NULL,
  `marca_ativa` tinyint(1) DEFAULT NULL,
  `marca_data_criacao` timestamp NOT NULL DEFAULT CURRENT_TIMESTAMP,
  `marca_data_alteracao` timestamp NULL DEFAULT NULL ON UPDATE CURRENT_TIMESTAMP
) ENGINE=InnoDB DEFAULT CHARSET=latin1;

--
-- Despejando dados para a tabela `marcas`
--

INSERT INTO `marcas` (`marca_id`, `marca_nome`, `marca_meta_link`, `marca_ativa`, `marca_data_criacao`, `marca_data_alteracao`) VALUES
(5, 'Rolê do Poxa Oficial', 'role-do-poxa-oficial', 1, '2023-03-20 01:26:23', NULL);

-- --------------------------------------------------------

--
-- Estrutura para tabela `pedidos_produtos`
--

CREATE TABLE `pedidos_produtos` (
  `pedido_id` int(11) DEFAULT NULL,
  `produto_id` int(11) DEFAULT NULL,
  `produto_nome` varchar(200) NOT NULL,
  `produto_quantidade` int(11) NOT NULL,
  `produto_valor_unitario` decimal(15,2) NOT NULL,
  `produto_valor_total` decimal(15,2) NOT NULL
) ENGINE=InnoDB DEFAULT CHARSET=utf8mb4;

-- --------------------------------------------------------

--
-- Estrutura para tabela `produtos`
--

CREATE TABLE `produtos` (
  `produto_id` int(11) NOT NULL,
  `produto_codigo` varchar(45) DEFAULT NULL,
  `produto_data_cadastro` timestamp NULL DEFAULT CURRENT_TIMESTAMP,
  `produto_categoria_id` int(11) DEFAULT NULL,
  `produto_marca_id` int(11) DEFAULT NULL,
  `produto_nome` varchar(255) DEFAULT NULL,
  `produto_meta_link` varchar(255) DEFAULT NULL,
  `produto_peso` int(11) DEFAULT '0',
  `produto_altura` int(11) DEFAULT '0',
  `produto_largura` int(11) DEFAULT '0',
  `produto_comprimento` int(11) DEFAULT '0',
  `produto_valor` varchar(45) DEFAULT NULL,
  `produto_destaque` tinyint(1) DEFAULT NULL,
  `produto_controlar_estoque` tinyint(1) DEFAULT NULL,
  `produto_quantidade_estoque` int(11) DEFAULT '0',
  `produto_ativo` tinyint(1) DEFAULT NULL,
  `produto_descricao` longtext,
  `produto_data_alteracao` timestamp NULL DEFAULT NULL
) ENGINE=InnoDB DEFAULT CHARSET=latin1;

--
-- Despejando dados para a tabela `produtos`
--

INSERT INTO `produtos` (`produto_id`, `produto_codigo`, `produto_data_cadastro`, `produto_categoria_id`, `produto_marca_id`, `produto_nome`, `produto_meta_link`, `produto_peso`, `produto_altura`, `produto_largura`, `produto_comprimento`, `produto_valor`, `produto_destaque`, `produto_controlar_estoque`, `produto_quantidade_estoque`, `produto_ativo`, `produto_descricao`, `produto_data_alteracao`) VALUES
(11, '02568749', '2023-03-20 01:35:31', 3, 5, 'Caneca Personalizada', 'caneca-personalizada', 1, 15, 15, 15, '35.00', 1, 1, 10, 1, 'Caneca oficial do Rolê do Poxa', NULL),
(12, '48019352', '2023-03-20 01:36:48', 4, 5, 'Chaveiro Personalizado', 'chaveiro-personalizado', 1, 15, 15, 15, '15.00', 1, 1, 10, 1, 'Chaveiro oficial da Festa Rolê do Poxa', NULL),
(13, '29861043', '2023-03-20 01:46:52', 6, 5, 'Ingresso Camarote', 'ingresso-camarote', 1, 1, 1, 1, '100.00', 1, 1, 8, 1, 'Camarote da Festa Rolê do Poxa Junho 2022', NULL),
(14, '84650197', '2023-03-20 01:48:45', 6, 5, 'Ingresso Pista', 'ingresso-pista', 1, 1, 1, 1, '75.00', 1, 1, 10, 1, 'Ingresso pista da festa Rolê do Poxa', NULL);

-- --------------------------------------------------------

--
-- Estrutura para tabela `produtos_fotos`
--

CREATE TABLE `produtos_fotos` (
  `foto_id` int(11) NOT NULL,
  `foto_produto_id` int(11) DEFAULT NULL,
  `foto_caminho` varchar(255) NOT NULL
) ENGINE=InnoDB DEFAULT CHARSET=utf8mb4;

--
-- Despejando dados para a tabela `produtos_fotos`
--

INSERT INTO `produtos_fotos` (`foto_id`, `foto_produto_id`, `foto_caminho`) VALUES
(28, 13, 'e9b549a4285367dbc0812a6ce300b623.jpg'),
(29, 14, '132b299d33abab4731ffa9e9713df77b.jpg'),
(32, 12, '635e50d1feaa337d01a436824f4bd9ad.jpg'),
(33, 11, '361abfa947e45ac5d6a766f9094a31fa.jpg');

-- --------------------------------------------------------

--
-- Estrutura para tabela `sistema`
--

CREATE TABLE `sistema` (
  `sistema_id` int(11) NOT NULL,
  `sistema_razao_social` varchar(145) DEFAULT NULL,
  `sistema_nome_fantasia` varchar(145) DEFAULT NULL,
  `sistema_cnpj` varchar(25) DEFAULT NULL,
  `sistema_ie` varchar(25) DEFAULT NULL,
  `sistema_telefone_fixo` varchar(25) DEFAULT NULL,
  `sistema_telefone_movel` varchar(25) NOT NULL,
  `sistema_email` varchar(100) DEFAULT NULL,
  `sistema_site_url` varchar(100) DEFAULT NULL,
  `sistema_cep` varchar(25) DEFAULT NULL,
  `sistema_endereco` varchar(145) DEFAULT NULL,
  `sistema_numero` varchar(25) DEFAULT NULL,
  `sistema_cidade` varchar(45) DEFAULT NULL,
  `sistema_estado` varchar(2) DEFAULT NULL,
  `sistema_produtos_destaques` int(11) NOT NULL,
  `sistema_texto` tinytext,
  `sistema_data_alteracao` timestamp NULL DEFAULT CURRENT_TIMESTAMP ON UPDATE CURRENT_TIMESTAMP
) ENGINE=InnoDB DEFAULT CHARSET=latin1;

--
-- Despejando dados para a tabela `sistema`
--

INSERT INTO `sistema` (`sistema_id`, `sistema_razao_social`, `sistema_nome_fantasia`, `sistema_cnpj`, `sistema_ie`, `sistema_telefone_fixo`, `sistema_telefone_movel`, `sistema_email`, `sistema_site_url`, `sistema_cep`, `sistema_endereco`, `sistema_numero`, `sistema_cidade`, `sistema_estado`, `sistema_produtos_destaques`, `sistema_texto`, `sistema_data_alteracao`) VALUES
(1, 'Loja virtual Inc2', 'Loja do Rolê', '80.838.809/0001-26', '683.90228-49', '(41) 3232-3030', '(17) 98128-0060', 'vendetudo@contato.com.br', 'http://vendetudo.com.br', '15402-325', 'Rua da Carol', '54', 'Curitiba', 'PR', 11, 'Preço e qualidade!', '2023-03-21 22:09:14');

-- --------------------------------------------------------

--
-- Estrutura para tabela `users`
--

CREATE TABLE `users` (
  `id` int(11) UNSIGNED NOT NULL,
  `ip_address` varchar(45) NOT NULL,
  `username` varchar(100) DEFAULT NULL,
  `password` varchar(255) NOT NULL,
  `email` varchar(254) NOT NULL,
  `activation_selector` varchar(255) DEFAULT NULL,
  `activation_code` varchar(255) DEFAULT NULL,
  `forgotten_password_selector` varchar(255) DEFAULT NULL,
  `forgotten_password_code` varchar(255) DEFAULT NULL,
  `forgotten_password_time` int(11) UNSIGNED DEFAULT NULL,
  `remember_selector` varchar(255) DEFAULT NULL,
  `remember_code` varchar(255) DEFAULT NULL,
  `created_on` int(11) UNSIGNED NOT NULL,
  `last_login` int(11) UNSIGNED DEFAULT NULL,
  `active` tinyint(1) UNSIGNED DEFAULT NULL,
  `first_name` varchar(50) DEFAULT NULL,
  `last_name` varchar(50) DEFAULT NULL,
  `company` varchar(100) DEFAULT NULL,
  `phone` varchar(20) DEFAULT NULL
) ENGINE=InnoDB DEFAULT CHARSET=utf8;

--
-- Despejando dados para a tabela `users`
--

INSERT INTO `users` (`id`, `ip_address`, `username`, `password`, `email`, `activation_selector`, `activation_code`, `forgotten_password_selector`, `forgotten_password_code`, `forgotten_password_time`, `remember_selector`, `remember_code`, `created_on`, `last_login`, `active`, `first_name`, `last_name`, `company`, `phone`) VALUES
(1, '127.0.0.1', 'administrator', '$2y$12$qm.0e95a8d4JtpyW//MW.egtDJQx4n92G4wkFI9pkN5LBVvL7okRC', 'admin@admin.com', NULL, '', NULL, NULL, NULL, NULL, NULL, 1268889823, 1679435949, 1, 'Admin', 'istrator', 'ADMIN', '0'),
(2, '131.255.71.253', 'fanarcizo', '$2y$12$vXsCupq2Sjcj7hFOsmztpuO2A8dQRSevYsOz8/jh2r.KPNN/WVNKS', 'fanarcizonet@gmail.com', NULL, NULL, NULL, NULL, NULL, NULL, NULL, 1678816466, 1678976210, 1, 'fabricio', 'narcizo', NULL, NULL);

-- --------------------------------------------------------

--
-- Estrutura para tabela `users_groups`
--

CREATE TABLE `users_groups` (
  `id` int(11) UNSIGNED NOT NULL,
  `user_id` int(11) UNSIGNED NOT NULL,
  `group_id` mediumint(8) UNSIGNED NOT NULL
) ENGINE=InnoDB DEFAULT CHARSET=utf8;

--
-- Despejando dados para a tabela `users_groups`
--

INSERT INTO `users_groups` (`id`, `user_id`, `group_id`) VALUES
(1, 1, 1),
(2, 1, 2),
(3, 2, 1);

--
-- Índices para tabelas despejadas
--

--
-- Índices de tabela `categorias`
--
ALTER TABLE `categorias`
  ADD PRIMARY KEY (`categoria_id`),
  ADD KEY `categoria_pai_id` (`categoria_pai_id`);

--
-- Índices de tabela `categorias_pai`
--
ALTER TABLE `categorias_pai`
  ADD PRIMARY KEY (`categoria_pai_id`);

--
-- Índices de tabela `config_correios`
--
ALTER TABLE `config_correios`
  ADD PRIMARY KEY (`config_id`);

--
-- Índices de tabela `config_pagseguro`
--
ALTER TABLE `config_pagseguro`
  ADD PRIMARY KEY (`config_id`);

--
-- Índices de tabela `groups`
--
ALTER TABLE `groups`
  ADD PRIMARY KEY (`id`);

--
-- Índices de tabela `login_attempts`
--
ALTER TABLE `login_attempts`
  ADD PRIMARY KEY (`id`);

--
-- Índices de tabela `marcas`
--
ALTER TABLE `marcas`
  ADD PRIMARY KEY (`marca_id`);

--
-- Índices de tabela `pedidos_produtos`
--
ALTER TABLE `pedidos_produtos`
  ADD KEY `pedido_id` (`pedido_id`,`produto_id`),
  ADD KEY `produto_id` (`produto_id`);

--
-- Índices de tabela `produtos`
--
ALTER TABLE `produtos`
  ADD PRIMARY KEY (`produto_id`),
  ADD KEY `produto_categoria_id` (`produto_categoria_id`),
  ADD KEY `produto_marca_id` (`produto_marca_id`);

--
-- Índices de tabela `produtos_fotos`
--
ALTER TABLE `produtos_fotos`
  ADD PRIMARY KEY (`foto_id`),
  ADD KEY `fk_foto_produto_id` (`foto_produto_id`);

--
-- Índices de tabela `users`
--
ALTER TABLE `users`
  ADD PRIMARY KEY (`id`),
  ADD UNIQUE KEY `uc_email` (`email`),
  ADD UNIQUE KEY `uc_activation_selector` (`activation_selector`),
  ADD UNIQUE KEY `uc_forgotten_password_selector` (`forgotten_password_selector`),
  ADD UNIQUE KEY `uc_remember_selector` (`remember_selector`);

--
-- Índices de tabela `users_groups`
--
ALTER TABLE `users_groups`
  ADD PRIMARY KEY (`id`),
  ADD UNIQUE KEY `uc_users_groups` (`user_id`,`group_id`),
  ADD KEY `fk_users_groups_users1_idx` (`user_id`),
  ADD KEY `fk_users_groups_groups1_idx` (`group_id`);

--
-- AUTO_INCREMENT para tabelas despejadas
--

--
-- AUTO_INCREMENT de tabela `categorias`
--
ALTER TABLE `categorias`
  MODIFY `categoria_id` int(11) NOT NULL AUTO_INCREMENT, AUTO_INCREMENT=7;

--
-- AUTO_INCREMENT de tabela `categorias_pai`
--
ALTER TABLE `categorias_pai`
  MODIFY `categoria_pai_id` int(11) NOT NULL AUTO_INCREMENT, AUTO_INCREMENT=6;

--
-- AUTO_INCREMENT de tabela `config_pagseguro`
--
ALTER TABLE `config_pagseguro`
  MODIFY `config_id` int(11) NOT NULL AUTO_INCREMENT, AUTO_INCREMENT=2;

--
-- AUTO_INCREMENT de tabela `groups`
--
ALTER TABLE `groups`
  MODIFY `id` mediumint(8) UNSIGNED NOT NULL AUTO_INCREMENT, AUTO_INCREMENT=3;

--
-- AUTO_INCREMENT de tabela `login_attempts`
--
ALTER TABLE `login_attempts`
  MODIFY `id` int(11) UNSIGNED NOT NULL AUTO_INCREMENT;

--
-- AUTO_INCREMENT de tabela `marcas`
--
ALTER TABLE `marcas`
  MODIFY `marca_id` int(11) NOT NULL AUTO_INCREMENT, AUTO_INCREMENT=6;

--
-- AUTO_INCREMENT de tabela `produtos`
--
ALTER TABLE `produtos`
  MODIFY `produto_id` int(11) NOT NULL AUTO_INCREMENT, AUTO_INCREMENT=15;

--
-- AUTO_INCREMENT de tabela `produtos_fotos`
--
ALTER TABLE `produtos_fotos`
  MODIFY `foto_id` int(11) NOT NULL AUTO_INCREMENT, AUTO_INCREMENT=34;

--
-- AUTO_INCREMENT de tabela `users`
--
ALTER TABLE `users`
  MODIFY `id` int(11) UNSIGNED NOT NULL AUTO_INCREMENT, AUTO_INCREMENT=3;

--
-- AUTO_INCREMENT de tabela `users_groups`
--
ALTER TABLE `users_groups`
  MODIFY `id` int(11) UNSIGNED NOT NULL AUTO_INCREMENT, AUTO_INCREMENT=4;

--
-- Restrições para tabelas despejadas
--

--
-- Restrições para tabelas `categorias`
--
ALTER TABLE `categorias`
  ADD CONSTRAINT `fk_categoria_pai_id` FOREIGN KEY (`categoria_pai_id`) REFERENCES `categorias_pai` (`categoria_pai_id`) ON DELETE CASCADE;

--
-- Restrições para tabelas `produtos_fotos`
--
ALTER TABLE `produtos_fotos`
  ADD CONSTRAINT `fk_foto_produto_id` FOREIGN KEY (`foto_produto_id`) REFERENCES `produtos` (`produto_id`) ON DELETE CASCADE;

--
-- Restrições para tabelas `users_groups`
--
ALTER TABLE `users_groups`
  ADD CONSTRAINT `fk_users_groups_groups1` FOREIGN KEY (`group_id`) REFERENCES `groups` (`id`) ON DELETE CASCADE ON UPDATE NO ACTION,
  ADD CONSTRAINT `fk_users_groups_users1` FOREIGN KEY (`user_id`) REFERENCES `users` (`id`) ON DELETE CASCADE ON UPDATE NO ACTION;
COMMIT;

/*!40101 SET CHARACTER_SET_CLIENT=@OLD_CHARACTER_SET_CLIENT */;
/*!40101 SET CHARACTER_SET_RESULTS=@OLD_CHARACTER_SET_RESULTS */;
/*!40101 SET COLLATION_CONNECTION=@OLD_COLLATION_CONNECTION */;
